drwNo,drwNoDate,totSellamnt,firstWinamnt,firstPrzwnerCo,drwtNo1,drwtNo2,drwtNo3,drwtNo4,drwtNo5,drwtNo6,bnusNo
1,2002-12-07,3681782000,0,0,10,23,29,33,37,40,16
2,2002-12-14,4904274000,2002006800,1,9,13,21,25,32,42,2
3,2002-12-21,4729342000,2000000000,1,11,16,19,21,27,31,30
4,2002-12-28,5271464000,0,0,14,27,30,31,40,42,2
5,2003-01-04,6277102000,0,0,16,24,29,40,41,42,3
6,2003-01-11,15305356000,6574451700,1,14,15,26,27,40,42,34
7,2003-01-18,12794890000,0,0,2,9,16,25,26,40,42
8,2003-01-25,20751450000,0,0,8,19,25,34,37,39,9
9,2003-02-01,73624020000,0,0,2,4,16,17,36,39,14
10,2003-02-08,260856392000,6430437900,13,9,25,30,33,41,44,6
11,2003-02-15,91925306000,4780152300,5,1,7,36,37,41,42,14
12,2003-02-22,76255508000,1348845700,12,2,11,21,25,39,45,44
13,2003-03-01,66532136000,0,0,22,23,25,37,38,42,26
14,2003-03-08,99838648000,9375048300,4,2,6,12,31,33,40,15
15,2003-03-15,73264910000,17014245000,1,3,4,16,30,31,37,13
16,2003-03-22,75777348000,4377146100,4,6,7,24,37,38,40,33
17,2003-03-29,72718152000,5349491200,3,3,4,9,17,32,37,1
18,2003-04-05,66371660000,0,0,3,12,13,19,32,35,29
19,2003-04-12,105957818000,40722959400,1,6,30,38,39,40,43,26
20,2003-04-19,81056776000,19352212800,1,10,14,18,20,23,30,41
21,2003-04-26,84247142000,797475400,23,6,12,17,18,31,32,21
22,2003-05-03,79455152000,4552194900,4,4,5,6,8,17,39,25
23,2003-05-10,77374256000,4317947700,4,5,13,17,18,33,42,44
24,2003-05-17,78486634000,0,0,7,8,27,29,36,43,6
25,2003-05-24,120073768000,24227745300,2,2,4,21,26,43,44,16
26,2003-05-31,80193026000,3495069900,5,4,5,7,18,20,25,31
27,2003-06-07,76145050000,9543982500,2,1,20,26,28,37,43,27
28,2003-06-14,75448366000,1700361100,10,9,18,23,25,35,37,1
29,2003-06-21,74523120000,3552594000,5,1,5,13,34,39,40,11
30,2003-06-28,72399690000,8728555500,2,8,17,20,35,36,44,4
31,2003-07-05,71317306000,8106672900,2,7,9,18,23,28,35,32
32,2003-07-12,71179198000,1634528300,10,6,14,19,25,34,44,11
33,2003-07-19,67457252000,14903517600,1,4,7,32,33,40,41,9
34,2003-07-26,69389894000,3056918000,5,9,26,35,37,40,42,2
35,2003-08-02,66143062000,5054598200,3,2,3,11,26,37,43,39
36,2003-08-09,66856686000,16014475800,1,1,10,23,26,28,40,31
37,2003-08-16,65509794000,4985999400,3,7,27,30,33,35,37,42
38,2003-08-23,67369284000,5374866400,3,16,17,22,30,37,43,36
39,2003-08-30,66094476000,2623748800,6,6,7,13,15,21,43,8
40,2003-09-06,65699086000,1147652400,13,7,13,18,19,25,26,6
41,2003-09-13,57624562000,0,0,13,20,23,35,38,43,34
42,2003-09-20,119909740000,6899280100,6,17,18,19,21,23,32,1
43,2003-09-27,74686296000,17749630800,1,6,31,35,38,39,44,1
44,2003-10-04,69956950000,3362155800,5,3,11,21,30,38,45,39
45,2003-10-11,71216232000,8356417800,2,1,10,20,27,33,35,17
46,2003-10-18,68181568000,5327758800,3,8,13,15,23,31,38,39
47,2003-10-25,67756694000,3250042400,5,14,17,26,31,36,45,27
48,2003-11-01,65806832000,2415673600,6,6,10,18,26,37,38,3
49,2003-11-08,64501142000,1967504600,7,4,7,16,19,33,40,30
50,2003-11-15,65563234000,5227061400,3,2,10,12,15,22,44,1
51,2003-11-22,62553680000,2421117000,6,2,3,11,16,26,44,35
52,2003-11-29,64393446000,3900844900,4,2,4,15,16,20,29,1
53,2003-12-06,64996010000,5014371000,3,7,8,14,32,33,39,42
54,2003-12-13,63833006000,5148626600,3,1,8,21,27,36,39,37
55,2003-12-20,62195764000,7088799600,2,17,21,31,37,40,44,7
56,2003-12-27,65258932000,3777570900,4,10,14,30,31,33,37,19
57,2004-01-03,70132666000,4114411900,4,7,10,16,25,29,44,6
58,2004-01-10,66638136000,3676429200,4,10,24,25,33,40,44,1
59,2004-01-17,67563698000,4127587300,4,6,29,36,39,41,45,13
60,2004-01-24,65405936000,2172504600,7,2,8,25,36,39,42,11
61,2004-01-31,73312994000,3541038800,5,14,15,19,30,38,43,8
62,2004-02-07,66740368000,15817286400,1,3,8,15,27,29,35,21
63,2004-02-14,67074050000,7922245500,2,3,20,23,36,38,40,5
64,2004-02-21,65085154000,3899818000,4,14,15,18,21,26,36,39
65,2004-02-28,66685144000,3727945800,4,4,25,33,36,40,43,39
66,2004-03-06,63378796000,3685138200,4,2,3,7,17,22,24,45
67,2004-03-13,64314872000,2114436500,7,3,7,10,15,36,38,33
68,2004-03-20,63813236000,2945882100,5,10,12,15,16,26,39,38
69,2004-03-27,63711302000,4962712200,3,5,8,14,15,19,39,35
70,2004-04-03,63232578000,5031277800,3,5,19,22,25,28,43,26
71,2004-04-10,62889986000,0,0,5,9,12,16,29,41,21
72,2004-04-17,125651214000,3260524600,13,2,4,11,17,26,27,1
73,2004-04-24,72635862000,2766662100,6,3,12,18,32,40,43,38
74,2004-05-01,68902158000,5284949800,3,6,15,17,18,35,40,23
75,2004-05-08,66138372000,3914616900,4,2,5,24,32,34,44,28
76,2004-05-15,65083924000,7451022600,2,1,3,15,22,25,37,43
77,2004-05-22,64420666000,5155758600,3,2,18,29,32,43,44,37
78,2004-05-29,61257794000,3519850000,4,10,13,25,29,33,35,38
79,2004-06-05,60390004000,3416443800,4,3,12,24,27,30,32,14
80,2004-06-12,60160440000,13809540000,1,17,18,24,25,26,30,1
81,2004-06-19,60983308000,2714288880,5,5,7,11,13,20,33,6
82,2004-06-26,61302808000,14562494400,1,1,2,3,14,27,42,39
83,2004-07-03,62512062000,7086948300,2,6,10,15,17,19,34,14
84,2004-07-10,62780760000,7669779000,2,16,23,27,34,42,45,11
85,2004-07-17,59451304000,3462109800,4,6,8,13,23,31,36,21
86,2004-07-24,59835968000,14252186400,1,2,12,37,39,41,45,33
87,2004-07-31,83793642000,1799358055,11,4,12,16,23,34,43,26
88,2004-08-07,51910612000,3069709650,4,1,17,20,24,30,41,27
89,2004-08-14,55102179000,4248321900,3,4,26,28,29,33,40,37
90,2004-08-21,55493544000,3291435300,4,17,20,29,35,38,44,10
91,2004-08-28,59061052000,3582902400,4,1,21,24,26,29,42,27
92,2004-09-04,58296001000,1233270846,11,3,14,24,33,35,36,17
93,2004-09-11,57236313000,2269178150,6,6,22,24,36,38,44,19
94,2004-09-18,57144729000,2245339950,6,5,32,34,40,41,45,6
95,2004-09-25,60077493000,1747741238,8,8,17,27,31,34,43,14
96,2004-10-02,54217572000,1847133515,7,1,3,8,21,22,31,20
97,2004-10-09,57713200000,1496214000,9,6,7,14,15,20,36,3
98,2004-10-16,56231084000,3177972300,4,6,9,16,23,24,32,43
99,2004-10-23,56207491000,2169219050,6,1,3,10,27,29,37,11
100,2004-10-30,56561977000,3315315525,4,1,7,11,23,37,42,6
101,2004-11-06,57585065000,2707297500,5,1,3,17,32,35,45,8
102,2004-11-13,56937962000,1457153067,9,17,22,24,26,35,40,42
103,2004-11-20,57420615000,1691589563,8,5,14,15,27,30,45,10
104,2004-11-27,56533705000,6610743750,2,17,32,33,34,42,44,35
105,2004-12-04,57479716000,3416781450,4,8,10,20,34,41,45,28
106,2004-12-11,57384485000,810461157,16,4,10,12,22,24,33,29
107,2004-12-18,57545202000,6679927800,2,1,4,5,6,9,31,17
108,2004-12-25,58875228000,1998900772,7,7,18,22,23,29,44,12
109,2005-01-01,62584098000,1246838200,12,1,5,34,36,42,44,33
110,2005-01-08,57625490000,4566262000,3,7,20,22,23,29,43,1
111,2005-01-15,57876999000,2199047450,6,7,18,31,33,36,40,27
112,2005-01-22,59292005000,1567271167,9,26,29,30,33,41,42,43
113,2005-01-29,59258248000,1561528934,9,4,9,28,33,36,45,26
114,2005-02-05,60079401000,2362345050,6,11,14,19,26,28,41,2
115,2005-02-12,59130557000,1488589567,9,1,2,6,9,25,28,31
116,2005-02-19,61606084000,1997747315,7,2,4,25,31,34,37,17
117,2005-02-26,59429610000,1558378334,9,5,10,22,34,36,44,35
118,2005-03-05,57171934000,1297989720,10,3,4,10,17,19,22,38
119,2005-03-12,57800632000,1474899400,9,3,11,13,14,17,21,38
120,2005-03-19,57418983000,4364530300,3,4,6,10,11,32,37,30
121,2005-03-26,57134544000,6839648100,2,12,28,30,34,38,43,9
122,2005-04-02,56171704000,1450073800,9,1,11,16,17,36,40,8
123,2005-04-09,54097448000,2532982680,5,7,17,18,28,30,45,27
124,2005-04-16,54180838000,1395936267,9,4,16,23,25,29,42,1
125,2005-04-23,53149705000,1754870786,7,2,8,32,33,35,36,18
126,2005-04-30,52748965000,1369301500,9,7,20,22,27,40,43,1
127,2005-05-07,50752603000,1965939150,6,3,5,10,29,32,43,35
128,2005-05-14,52310392000,2064043100,6,12,30,34,36,37,45,39
129,2005-05-21,51555754000,1093629655,11,19,23,25,28,38,42,17
130,2005-05-28,51359012000,3036496650,4,7,19,24,27,42,45,31
131,2005-06-04,50231773000,1451214488,8,8,10,11,14,15,21,37
132,2005-06-11,49921897000,2920473525,4,3,17,23,34,41,45,43
133,2005-06-18,50889926000,1450242600,8,4,7,15,18,23,26,13
134,2005-06-25,50445575000,2349155100,5,3,12,20,23,31,35,43
135,2005-07-02,51062672000,1717293515,7,6,14,22,28,35,39,16
136,2005-07-09,51144633000,1997694150,6,2,16,30,36,41,42,11
137,2005-07-16,49978654000,1270403467,9,7,9,20,25,36,39,15
138,2005-07-23,47688450000,2227152000,5,10,11,27,28,37,39,19
139,2005-07-30,48371085000,1650210215,7,9,11,15,20,28,43,13
140,2005-08-06,45983464000,2109462840,5,3,13,17,18,19,28,8
141,2005-08-13,48016958000,1900552400,6,8,12,29,31,42,43,2
142,2005-08-20,48012844000,1018265564,11,12,16,30,34,40,44,19
143,2005-08-27,49415357000,3954584700,3,26,27,28,42,43,45,8
144,2005-09-03,49202521000,1402440413,8,4,15,17,26,36,37,43
145,2005-09-10,48913832000,3797838200,3,2,3,13,20,27,44,9
146,2005-09-17,50677555000,6043415250,2,2,19,27,35,41,42,25
147,2005-09-24,50345605000,1700040215,7,4,6,13,21,40,42,36
148,2005-10-01,49523247000,2323596420,5,21,25,33,34,35,36,17
149,2005-10-08,48406950000,1639052143,7,2,11,21,34,41,42,27
150,2005-10-15,48763778000,2831645850,4,2,18,25,28,37,39,16
151,2005-10-22,47357067000,2716634025,4,1,2,10,13,18,19,15
152,2005-10-29,48180334000,2278131840,5,1,5,13,26,29,34,43
153,2005-11-05,47777735000,2730526125,4,3,8,11,12,13,36,33
154,2005-11-12,48022386000,2836628700,4,6,19,21,35,40,45,20
155,2005-11-19,46140202000,1193005734,9,16,19,20,32,33,41,4
156,2005-11-26,47344584000,1401099900,8,5,18,28,30,42,45,2
157,2005-12-03,46853365000,5484903750,2,19,26,30,33,35,39,37
158,2005-12-10,46368888000,1069544340,10,4,9,13,18,21,34,7
159,2005-12-17,44311926000,1755407300,6,1,18,30,41,42,43,32
160,2005-12-24,46833239000,5490805350,2,3,7,8,34,39,41,1
161,2005-12-31,53096453000,1996876272,7,22,34,36,40,42,45,44
162,2006-01-07,49050086000,2308265760,5,1,5,21,25,38,41,24
163,2006-01-14,49018952000,1629726515,7,7,11,26,28,29,44,16
164,2006-01-21,53052119000,4054937900,3,6,9,10,11,39,41,27
165,2006-01-28,58088118000,6767426700,2,5,13,18,19,22,42,31
166,2006-02-04,52157466000,1111299982,11,9,12,27,36,39,45,14
167,2006-02-11,52744392000,2491222920,5,24,27,28,30,36,39,4
168,2006-02-18,51496212000,2349946920,5,3,10,31,40,42,43,30
169,2006-02-25,52076183000,2482888380,5,16,27,35,37,43,45,19
170,2006-03-04,49718245000,1923108250,6,2,11,13,15,31,42,10
171,2006-03-11,50357474000,1961339700,6,4,16,25,29,34,35,1
172,2006-03-18,50758266000,1081154073,11,4,19,21,24,26,41,35
173,2006-03-25,52286521000,1487736788,8,3,9,24,30,33,34,18
174,2006-04-01,52340568000,1771103058,7,13,14,18,22,35,39,16
175,2006-04-08,50895147000,2371132620,5,19,26,28,31,33,36,17
176,2006-04-15,50488528000,2314663080,5,4,17,30,32,33,34,15
177,2006-04-22,50480325000,1693285500,7,1,10,13,16,37,43,6
178,2006-04-29,49582758000,2254621080,5,1,5,11,12,18,23,9
179,2006-05-06,47291694000,1081093920,10,5,9,17,25,39,43,32
180,2006-05-13,48895477000,5763371550,2,2,15,20,21,29,34,22
181,2006-05-20,49124446000,1941763300,6,14,21,23,32,40,45,44
182,2006-05-27,47222594000,3721439400,3,13,15,27,29,34,40,35
183,2006-06-03,45938460000,1777221500,6,2,18,24,34,40,42,5
184,2006-06-10,45503351000,1747753050,6,1,2,6,16,20,33,41
185,2006-06-17,45783088000,3522485800,3,1,2,4,8,19,38,14
186,2006-06-24,45484428000,1187882600,9,4,10,14,19,21,45,9
187,2006-07-01,45855961000,1544733900,7,1,2,8,18,29,38,42
188,2006-07-08,45176242000,3501405200,3,19,24,27,30,31,34,36
189,2006-07-15,43650551000,3461775100,3,8,14,32,35,37,45,28
190,2006-07-22,44864459000,1784159450,6,8,14,18,30,31,44,15
191,2006-07-29,44534869000,2577114675,4,5,6,24,25,32,37,8
192,2006-08-05,42035065000,2445348375,4,4,8,11,18,37,45,33
193,2006-08-12,43788477000,3404449700,3,6,14,18,26,36,39,13
194,2006-08-19,44511515000,2650567875,4,15,20,23,26,39,44,28
195,2006-08-26,44374725000,918992591,11,7,10,19,22,35,40,31
196,2006-09-02,45773496000,727876520,15,35,36,37,41,44,45,30
197,2006-09-09,45993306000,1803018300,6,7,12,16,34,42,45,4
198,2006-09-16,45614021000,1797855050,6,12,19,20,25,41,45,2
199,2006-09-23,45021068000,5344252200,2,14,21,22,25,30,36,43
200,2006-09-30,46640423000,1344616613,8,5,6,13,14,17,20,7
201,2006-10-07,42254768000,9719465400,1,3,11,24,38,39,44,26
202,2006-10-14,48304034000,1893391700,6,12,14,27,33,39,44,17
203,2006-10-21,47033359000,2164564740,5,1,3,11,24,30,32,7
204,2006-10-28,46077750000,1358347125,8,3,12,14,35,40,45,5
205,2006-11-04,46330516000,1835221800,6,1,3,21,29,35,37,30
206,2006-11-11,44326979000,2032859340,5,1,2,3,15,20,25,43
207,2006-11-18,45282336000,2104673760,5,3,11,14,31,32,37,38
208,2006-11-25,45516378000,1760767400,6,14,25,31,34,40,44,24
209,2006-12-02,43753377000,1660896350,6,2,7,18,20,24,33,37
210,2006-12-09,44757963000,5139085950,2,10,19,22,23,25,37,39
211,2006-12-16,45332675000,1035800250,10,12,13,17,20,33,41,8
212,2006-12-23,46139120000,2660747250,4,11,12,18,21,31,38,8
213,2006-12-30,48745094000,1376678025,8,2,3,4,5,20,24,42
214,2007-01-06,49195740000,1406980875,8,5,7,20,25,28,37,32
215,2007-01-13,47675761000,1587689615,7,2,3,7,15,43,44,4
216,2007-01-20,48342018000,848506108,13,7,16,17,33,36,40,1
217,2007-01-27,48260644000,1611246172,7,16,20,27,33,35,39,38
218,2007-02-03,47018314000,2779075800,4,1,8,14,18,29,44,20
219,2007-02-10,46903745000,1208409167,9,4,11,20,26,35,37,16
220,2007-02-17,50383399000,1958094950,6,5,11,19,21,34,43,31
221,2007-02-24,47674135000,1800104250,6,2,20,33,35,37,40,10
222,2007-03-03,47735197000,2275193820,5,5,7,28,29,39,43,44
223,2007-03-10,46036874000,1498170600,7,1,3,18,20,26,27,38
224,2007-03-17,46435109000,1808969950,6,4,19,26,27,30,42,7
225,2007-03-24,46352016000,1777201800,6,5,11,13,19,31,36,7
226,2007-03-31,45145643000,1744100150,6,2,6,8,14,21,22,34
227,2007-04-07,44444776000,5253542400,2,4,5,15,16,22,42,2
228,2007-04-14,44764100000,1146700334,9,17,25,35,36,39,44,23
229,2007-04-21,44762989000,1451441100,7,4,5,9,11,23,38,35
230,2007-04-28,44191351000,1292929163,8,5,11,14,29,32,33,12
231,2007-05-05,42355627000,1088365900,9,5,10,19,31,44,45,27
232,2007-05-12,43564632000,1110918400,9,8,9,10,12,24,44,35
233,2007-05-19,43516805000,999153750,10,4,6,13,17,28,40,39
234,2007-05-26,42814085000,2519743875,4,13,21,22,24,26,37,4
235,2007-06-02,43347391000,3433330100,3,21,22,26,27,31,37,8
236,2007-06-09,42941871000,5030040150,2,1,4,8,13,37,39,7
237,2007-06-16,43358287000,1440630729,7,1,11,17,21,24,44,33
238,2007-06-23,42952477000,1121660567,9,2,4,15,28,31,34,35
239,2007-06-30,43296565000,1134140167,9,11,15,24,39,41,44,7
240,2007-07-07,43603443000,5098251450,2,6,10,16,40,41,43,21
241,2007-07-14,43246894000,2552016300,4,2,16,24,27,28,35,21
242,2007-07-21,42679760000,1234542375,8,4,19,20,21,32,34,43
243,2007-07-28,41304830000,2408850000,4,2,12,17,19,28,42,34
244,2007-08-04,39411047000,9121583100,1,13,16,25,36,37,38,19
245,2007-08-11,41854623000,1382583129,7,9,11,27,31,32,38,22
246,2007-08-18,41453154000,1911774240,5,13,18,21,23,26,39,15
247,2007-08-25,42231698000,1669313900,6,12,15,28,36,39,40,13
248,2007-09-01,42348403000,1227479363,8,3,8,17,23,38,45,13
249,2007-09-08,42539134000,1663568700,6,3,8,27,31,41,44,11
250,2007-09-15,42122808000,1994726280,5,19,23,30,37,43,45,38
251,2007-09-22,44493014000,1282616400,8,6,7,19,25,28,38,45
252,2007-09-29,41207920000,1391089715,7,14,23,26,31,39,45,28
253,2007-10-06,42309347000,2466189525,4,8,19,25,31,34,36,33
254,2007-10-13,42259113000,9741015900,1,1,5,19,20,24,30,27
255,2007-10-20,41425341000,1598618550,6,1,5,6,24,27,42,32
256,2007-10-27,41996580000,4891017000,2,4,11,14,21,23,43,32
257,2007-11-03,41433637000,2391377025,4,6,13,27,31,32,37,4
258,2007-11-10,41364428000,2426434350,4,14,27,30,31,38,40,17
259,2007-11-17,40905570000,4838533500,2,4,5,14,35,42,45,34
260,2007-11-24,40140211000,2310085575,4,7,12,15,24,37,40,43
261,2007-12-01,41215041000,3192299100,3,6,11,16,18,31,43,2
262,2007-12-08,39232234000,4518741600,2,9,12,24,25,29,31,36
263,2007-12-15,39677128000,1551704900,6,1,27,28,32,37,40,18
264,2007-12-22,39783178000,1344889200,7,9,16,27,36,41,44,5
265,2007-12-29,40913922000,1200838575,8,5,9,34,37,38,39,12
266,2008-01-05,41937067000,3207211700,3,3,4,9,11,22,42,37
267,2008-01-12,41835853000,3257663300,3,7,8,24,34,36,41,1
268,2008-01-19,41213802000,1350954515,7,3,10,19,24,32,45,12
269,2008-01-26,41357619000,1961399940,5,5,18,20,36,42,43,32
270,2008-02-02,41845351000,1927830060,5,5,9,12,20,21,26,27
271,2008-02-09,40879633000,1565918150,6,3,8,9,27,29,40,36
272,2008-02-16,43310674000,1104622800,9,7,9,12,27,39,43,28
273,2008-02-23,42816211000,3339543100,3,1,8,24,31,34,44,6
274,2008-03-01,42631711000,2505085575,4,13,14,15,26,35,39,25
275,2008-03-08,42329813000,10044066900,1,14,19,20,35,38,40,26
276,2008-03-15,42567610000,3312569000,3,4,15,21,33,39,41,25
277,2008-03-22,41868708000,3272627800,3,10,12,13,15,25,29,20
278,2008-03-29,41088180000,3186530000,3,3,11,37,39,41,43,13
279,2008-04-05,41130542000,1914205320,5,7,16,31,36,37,38,11
280,2008-04-12,40673999000,1355258529,7,10,11,23,24,36,37,35
281,2008-04-19,40800514000,1554683200,6,1,3,4,6,14,41,12
282,2008-04-26,41051175000,1322052643,7,2,5,10,18,31,32,30
283,2008-05-03,40133316000,3137224600,3,6,8,18,31,38,45,42
284,2008-05-10,39773403000,3117640300,3,2,7,15,24,30,45,28
285,2008-05-17,40364871000,3164370100,3,13,33,37,40,41,45,2
286,2008-05-24,40944483000,3236566300,3,1,15,19,40,42,44,17
287,2008-05-31,40623489000,1328657100,7,6,12,24,27,35,37,41
288,2008-06-07,39970134000,2357261550,4,1,12,17,28,35,41,10
289,2008-06-14,39406643000,0,0,3,14,33,37,38,42,10
290,2008-06-21,80362302000,2149214424,13,8,13,18,32,39,45,7
291,2008-06-28,44143418000,1450585200,7,3,7,8,18,20,42,45
292,2008-07-05,43394631000,720373950,14,17,18,31,32,33,34,10
293,2008-07-12,42399708000,1656764400,6,1,9,17,21,29,33,24
294,2008-07-19,41563813000,2406504975,4,6,10,17,30,37,38,40
295,2008-07-26,42248135000,0,0,1,4,12,16,18,38,8
296,2008-08-02,63377899000,3066088275,8,3,8,15,27,30,45,44
297,2008-08-09,43641475000,5056668750,2,6,11,19,20,28,32,34
298,2008-08-16,43151675000,9909778500,1,5,9,27,29,37,40,19
299,2008-08-23,44463909000,1483772529,7,1,3,20,25,36,45,24
300,2008-08-30,44465047000,836092425,12,7,9,10,12,26,38,39
301,2008-09-06,44377177000,1447385015,7,7,11,13,33,37,43,26
302,2008-09-13,46382605000,5472167250,2,13,19,20,32,38,42,4
303,2008-09-20,42841760000,1672749000,6,2,14,17,30,38,45,43
304,2008-09-27,43158653000,1661646150,6,4,10,16,26,33,41,38
305,2008-10-04,43960659000,2008210140,5,7,8,18,21,23,39,9
306,2008-10-11,44421462000,2102669520,5,4,18,23,30,34,41,19
307,2008-10-18,43880990000,2587643250,4,5,15,21,23,25,45,12
308,2008-10-25,43339416000,10232872800,1,14,15,17,19,37,45,40
309,2008-11-01,44157528000,901622946,11,1,2,5,11,18,36,22
310,2008-11-08,43718082000,1296713325,8,1,5,19,28,34,41,16
311,2008-11-15,43209215000,1237691063,8,4,12,24,27,28,32,10
312,2008-11-22,42255391000,629017820,15,2,3,5,6,12,20,25
313,2008-11-29,43672096000,1715422800,6,9,17,34,35,43,45,2
314,2008-12-06,42328094000,1660512200,6,15,17,19,34,38,41,2
315,2008-12-13,44339180000,1308728625,8,1,13,33,35,43,45,23
316,2008-12-20,44073768000,1673586400,6,10,11,21,27,31,39,43
317,2008-12-27,44135114000,2576258550,4,3,10,11,22,36,39,8
318,2009-01-03,46663728000,1207436600,9,2,17,19,20,34,45,21
319,2009-01-10,45435183000,2135659380,5,5,8,22,28,33,42,37
320,2009-01-17,46659886000,5513067900,2,16,19,23,25,41,45,3
321,2009-01-24,50617982000,1959136100,6,12,18,20,21,25,34,42
322,2009-01-31,48948294000,1904544700,6,9,18,29,32,38,43,20
323,2009-02-07,49209477000,1461025388,8,10,14,15,32,36,42,3
324,2009-02-14,47988317000,1865130350,6,2,4,21,25,33,36,17
325,2009-02-21,46636979000,1806122450,6,7,17,20,32,44,45,33
326,2009-02-28,47224551000,1832134550,6,16,23,25,33,36,39,40
327,2009-03-07,45791560000,882674750,12,6,12,13,17,32,44,24
328,2009-03-14,47316988000,1819795900,6,1,6,9,16,17,28,24
329,2009-03-21,47198504000,1830391200,6,9,17,19,30,35,42,4
330,2009-03-28,45859496000,1162280200,9,3,4,16,17,19,20,23
331,2009-04-04,46641467000,2165902620,5,4,9,14,26,31,44,39
332,2009-04-11,46042557000,1359448388,8,16,17,34,36,42,45,3
333,2009-04-18,46019070000,1550987143,7,5,14,27,30,39,43,35
334,2009-04-25,44439656000,1523002972,7,13,15,21,29,39,43,33
335,2009-05-02,43977478000,2037492480,5,5,9,16,23,26,45,21
336,2009-05-09,43069333000,1685632650,6,3,5,20,34,35,44,16
337,2009-05-16,43432467000,1257500513,8,1,5,14,18,32,37,4
338,2009-05-23,43136020000,3383431000,3,2,13,34,38,42,45,16
339,2009-05-30,42035640000,1096778334,9,6,8,14,21,30,37,45
340,2009-06-06,42892121000,1439393186,7,18,24,26,29,34,38,32
341,2009-06-13,44722448000,1497207772,7,1,8,19,34,39,43,41
342,2009-06-20,43782188000,3454095800,3,1,13,14,33,34,43,25
343,2009-06-27,43656460000,1717153000,6,1,10,17,29,31,43,15
344,2009-07-04,43838886000,1467106543,7,1,2,15,28,34,45,38
345,2009-07-11,43530937000,5203577550,2,15,20,23,29,39,42,2
346,2009-07-18,42862389000,2017727340,5,5,13,14,22,44,45,33
347,2009-07-25,44219740000,1456624286,7,3,8,13,27,32,42,10
348,2009-08-01,42786310000,3299994000,3,3,14,17,20,24,31,34
349,2009-08-08,43433870000,3353209000,3,5,13,14,20,24,25,36
350,2009-08-15,42681094000,1101052467,9,1,8,18,24,29,33,35
351,2009-08-22,43947492000,2583357150,4,5,25,27,29,34,36,33
352,2009-08-29,44719545000,1732858250,6,5,16,17,20,26,41,24
353,2009-09-05,44552925000,5290838250,2,11,16,19,22,29,36,26
354,2009-09-12,44709689000,2124464340,5,14,19,36,43,44,45,1
355,2009-09-19,45017050000,2145424800,5,5,8,29,30,35,44,38
356,2009-09-26,44684958000,1157185267,9,2,8,14,25,29,45,24
357,2009-10-03,45232409000,5313394350,2,10,14,18,21,36,37,5
358,2009-10-10,45651829000,3472654900,3,1,9,10,12,21,40,37
359,2009-10-17,45288256000,1286712600,8,1,10,19,20,24,40,23
360,2009-10-24,45719032000,3566716200,3,4,16,23,25,35,40,27
361,2009-10-31,45062676000,1473115115,7,5,10,16,24,27,35,33
362,2009-11-07,44336363000,1729424650,6,2,3,22,27,30,40,29
363,2009-11-14,44863948000,2615910600,4,11,12,14,21,32,38,6
364,2009-11-21,44192004000,2531914800,4,2,5,7,14,16,40,4
365,2009-11-28,45806066000,10697716800,1,5,15,21,25,26,30,31
366,2009-12-05,45962166000,5351553900,2,5,12,19,26,27,44,38
367,2009-12-12,46459307000,1581736586,7,3,22,25,29,32,44,19
368,2009-12-19,43746046000,1465825115,7,11,21,24,30,39,45,26
369,2009-12-26,46716275000,1842177750,6,17,20,35,36,41,43,21
370,2010-01-02,49762652000,1678941943,7,16,18,24,42,44,45,17
371,2010-01-09,45843166000,1524130543,7,7,9,15,26,27,42,18
372,2010-01-16,46167066000,1192593200,9,8,11,14,16,18,21,13
373,2010-01-23,47095065000,2791801125,4,15,26,37,42,43,45,9
374,2010-01-30,48081319000,5528717850,2,11,13,15,17,25,34,26
375,2010-02-06,47864938000,1581284058,7,4,8,19,25,27,45,7
376,2010-02-13,50657096000,1956915800,6,1,11,13,24,28,40,7
377,2010-02-20,49218434000,3912085400,3,6,22,29,37,43,45,23
378,2010-02-27,48866964000,2317698240,5,5,22,29,31,34,39,43
379,2010-03-06,47537685000,1598999786,7,6,10,22,31,35,40,19
380,2010-03-13,47164371000,2684274825,4,1,2,8,17,26,37,27
381,2010-03-20,47943113000,565738895,19,1,5,10,12,16,20,11
382,2010-03-27,47401288000,1846674900,6,10,15,22,24,27,42,19
383,2010-04-03,46067051000,3596522100,3,4,15,28,33,37,40,25
384,2010-04-10,46888942000,3658734200,3,11,22,24,32,36,38,7
385,2010-04-17,46243483000,1542032700,7,7,12,19,21,29,32,9
386,2010-04-24,45907331000,1042953330,10,4,7,10,19,31,40,26
387,2010-05-01,45459960000,2675533500,4,1,26,31,34,40,43,20
388,2010-05-08,44308705000,2545543875,4,1,8,9,17,29,32,45
389,2010-05-15,45534027000,2119027020,5,7,16,18,20,23,26,3
390,2010-05-22,44189673000,10373997900,1,16,17,28,37,39,40,15
391,2010-05-29,45161516000,10508749800,1,10,11,18,22,28,39,30
392,2010-06-05,45528684000,1713528700,6,1,3,7,8,24,42,43
393,2010-06-12,45989116000,1362003975,8,9,16,28,40,41,43,21
394,2010-06-19,45192337000,10654349100,1,1,13,20,22,25,28,15
395,2010-06-26,46192580000,1534635000,7,11,15,20,26,31,35,7
396,2010-07-03,45463736000,5296622400,2,18,20,31,34,40,45,30
397,2010-07-10,45890007000,3499519700,3,12,13,17,22,25,33,8
398,2010-07-17,45427304000,2680625550,4,10,15,20,23,42,44,7
399,2010-07-24,45551786000,1276854975,8,1,2,9,17,19,42,20
400,2010-07-31,45379731000,2669834325,4,9,21,27,34,41,43,2
401,2010-08-07,43491965000,1168214792,9,6,12,18,31,38,43,9
402,2010-08-14,45002946000,2662206188,4,5,9,15,19,22,36,32
403,2010-08-21,44911335000,2122396875,5,10,14,22,24,28,37,26
404,2010-08-28,45389825000,3566659375,3,5,20,21,24,33,40,36
405,2010-09-04,45220904000,3543878000,3,1,2,10,25,26,44,4
406,2010-09-11,46062206000,2156142450,5,7,12,21,24,27,36,45
407,2010-09-18,48429586000,1649707286,7,6,7,13,16,24,25,1
408,2010-09-25,46406711000,2235375825,5,9,20,21,22,30,37,16
409,2010-10-02,47924584000,2896989750,4,6,9,21,31,32,40,38
410,2010-10-09,47467817000,1249335709,9,1,3,18,32,40,41,16
411,2010-10-16,47259122000,953227563,12,11,14,22,35,37,39,5
412,2010-10-23,47066180000,1656199822,7,4,7,39,41,42,45,40
413,2010-10-30,46925724000,2814673500,4,2,9,15,23,34,40,3
414,2010-11-06,46910990000,11703832500,1,2,14,15,22,23,44,43
415,2010-11-13,46746048000,1334182407,8,7,17,20,26,30,40,24
416,2010-11-20,46854806000,1072037100,10,5,6,8,11,22,26,44
417,2010-11-27,45968256000,2818329938,4,4,5,14,20,22,43,44
418,2010-12-04,47058055000,1435649766,8,11,13,15,26,28,34,31
419,2010-12-11,46508296000,3796490750,3,2,11,13,14,28,30,7
420,2010-12-18,47345476000,1424856375,8,4,9,10,29,31,34,27
421,2010-12-25,47752021000,2321144325,5,6,11,26,27,28,44,30
422,2011-01-01,52730602000,2205251375,6,8,15,19,21,34,44,12
423,2011-01-08,49668311000,3896153875,3,1,17,27,28,29,40,5
424,2011-01-15,48728445000,1109480813,10,10,11,26,31,34,44,30
425,2011-01-22,50459694000,1534833000,8,8,10,14,27,33,38,3
426,2011-01-29,51466592000,3057233625,4,4,17,18,27,39,43,19
427,2011-02-05,52511055000,12571445625,1,6,7,15,24,28,30,21
428,2011-02-12,54685007000,1437683209,9,12,16,19,22,37,40,8
429,2011-02-19,53993833000,1485904709,9,3,23,28,34,39,42,16
430,2011-02-26,53194872000,1611763219,8,1,3,16,18,30,34,44
431,2011-03-05,51661947000,1268434013,10,18,22,25,31,38,45,6
432,2011-03-12,52348574000,2299427550,5,2,3,5,11,27,39,33
433,2011-03-19,52396606000,1182294410,11,19,23,29,33,35,43,27
434,2011-03-26,51579439000,1480060266,8,3,13,20,24,33,37,35
435,2011-04-02,52341267000,1287550013,10,8,16,26,30,38,45,42
436,2011-04-09,50869017000,1512266579,8,9,14,20,22,33,34,28
437,2011-04-16,50798417000,2096245438,6,11,16,29,38,41,44,21
438,2011-04-23,50370042000,1377142167,9,6,12,20,26,29,38,45
439,2011-04-30,49680708000,1900077375,6,17,20,30,31,37,40,25
440,2011-05-07,49810778000,1995873000,6,10,22,28,34,36,44,2
441,2011-05-14,50272122000,3170417063,4,1,23,28,30,34,35,9
442,2011-05-21,51219943000,1413413042,9,25,27,29,36,38,40,41
443,2011-05-28,51236072000,1327597584,9,4,6,10,19,20,44,14
444,2011-06-04,50673529000,4154188625,3,11,13,23,35,43,45,17
445,2011-06-11,50053080000,1791683036,7,13,20,21,30,39,45,32
446,2011-06-18,50595241000,4051247625,3,1,11,12,14,26,35,6
447,2011-06-25,49555042000,2657941125,4,2,7,8,9,17,33,34
448,2011-07-02,51341262000,4026212750,3,3,7,13,27,40,41,36
449,2011-07-09,50214272000,4059715250,3,3,10,20,26,35,43,36
450,2011-07-16,49732036000,1990391625,6,6,14,19,21,23,31,13
451,2011-07-23,49861167000,882138952,13,12,15,20,24,30,38,29
452,2011-07-30,48456758000,1276902000,9,8,10,18,30,32,34,27
453,2011-08-06,48055125000,2262732375,5,12,24,33,38,40,42,30
454,2011-08-13,48389211000,1609125590,7,13,25,27,34,38,41,10
455,2011-08-20,48769851000,1635711483,7,4,19,20,26,30,35,24
456,2011-08-27,49420681000,1598505054,7,1,7,12,18,23,27,44
457,2011-09-03,49679052000,1159902825,10,8,10,18,23,27,40,33
458,2011-09-10,53778256000,1608812625,8,4,9,10,32,36,40,18
459,2011-09-17,49890095000,1655842233,7,4,6,10,14,25,40,12
460,2011-09-24,51917635000,3180895782,4,8,11,28,30,43,45,41
461,2011-10-01,50624588000,1948674875,6,11,18,26,31,37,40,43
462,2011-10-08,49325555000,1483559297,8,3,20,24,32,37,45,4
463,2011-10-15,49205151000,0,0,23,29,31,33,34,44,40
464,2011-10-22,126772274000,3355721106,13,6,12,15,34,42,44,4
465,2011-10-29,57793294000,1923662893,7,1,8,11,13,22,38,31
466,2011-11-05,58314753000,1530313459,9,4,10,13,23,32,44,20
467,2011-11-12,57383906000,1435441084,9,2,12,14,17,24,40,39
468,2011-11-19,55598552000,1527197167,9,8,13,15,28,37,43,17
469,2011-11-26,53364940000,3330131250,4,4,21,22,34,37,38,33
470,2011-12-03,53912965000,4333330625,3,10,16,20,39,41,42,27
471,2011-12-10,53492340000,1939332858,7,6,13,29,37,39,41,43
472,2011-12-17,51929207000,1809656090,7,16,25,26,31,36,43,44
473,2011-12-24,52867236000,3250418063,4,8,13,20,22,23,36,34
474,2011-12-31,58978482000,936690800,15,4,13,18,31,33,45,43
475,2012-01-07,56043275000,1693923047,8,1,9,14,16,21,29,3
476,2012-01-14,55591819000,3439851469,4,9,12,13,15,37,38,27
477,2012-01-21,60801409000,1919011829,8,14,25,29,32,33,45,37
478,2012-01-28,54975901000,987224759,14,18,29,30,37,39,43,8
479,2012-02-04,54848834000,2233046500,6,8,23,25,27,35,44,24
480,2012-02-11,55415681000,2996742282,4,3,5,10,17,30,31,16
481,2012-02-18,55642616000,4639355750,3,3,4,23,29,40,41,20
482,2012-02-25,56201452000,1897921179,7,1,10,16,24,25,35,43
483,2012-03-03,55582659000,2567196675,5,12,15,19,22,28,34,5
484,2012-03-10,55885979000,2305303063,6,1,3,27,28,32,45,11
485,2012-03-17,55692878000,1501474917,9,17,22,26,27,36,39,20
486,2012-03-24,54540823000,1008634125,13,1,2,23,25,38,40,43
487,2012-03-31,55276503000,1638830766,8,4,8,25,27,37,41,21
488,2012-04-07,54213092000,1330393575,10,2,8,17,30,31,38,25
489,2012-04-14,53558490000,2106360625,6,2,4,8,15,20,27,11
490,2012-04-21,52590121000,1860234161,7,2,7,26,29,40,43,42
491,2012-04-28,53413874000,3304634438,4,8,17,35,36,39,42,4
492,2012-05-05,51693454000,2493013800,5,22,27,31,35,37,40,42
493,2012-05-12,53231838000,1451120334,9,20,22,26,33,36,37,25
494,2012-05-19,53321589000,1054588407,12,5,7,8,15,30,43,22
495,2012-05-26,53645960000,2111645000,6,4,13,22,27,34,44,6
496,2012-06-02,52915804000,3285932250,4,4,13,20,29,36,41,39
497,2012-06-09,52411585000,2222817813,6,19,20,23,24,43,44,13
498,2012-06-16,52851253000,3244503094,4,13,14,24,32,39,41,3
499,2012-06-23,52767632000,4070480250,3,5,20,23,27,35,40,43
500,2012-06-30,54012267000,1351072375,9,3,4,12,20,24,34,41
501,2012-07-07,52717711000,3025200094,4,1,4,10,17,31,42,2
502,2012-07-14,54000640000,2201458125,6,6,22,28,32,34,40,26
503,2012-07-21,53572205000,1853634911,7,1,5,27,30,34,36,40
504,2012-07-28,51787037000,1443236959,9,6,14,22,26,43,44,31
505,2012-08-04,49103223000,1917955188,6,7,20,22,25,38,40,44
506,2012-08-11,52363311000,4073333875,3,6,9,11,22,24,30,31
507,2012-08-18,53638773000,1416438875,9,12,13,32,33,40,41,4
508,2012-08-25,54010391000,1599557860,8,5,27,31,34,35,43,37
509,2012-09-01,53390358000,2689076100,5,12,25,29,35,42,43,24
510,2012-09-08,53964992000,2644158150,5,12,29,32,33,39,40,42
511,2012-09-15,53970308000,2165579250,6,3,7,14,23,26,42,24
512,2012-09-22,54017801000,940094452,13,4,5,9,13,26,27,1
513,2012-09-29,58317548000,4589624750,3,5,8,21,23,27,33,12
514,2012-10-06,54452404000,4451055500,3,1,15,20,26,35,42,9
515,2012-10-13,55258935000,13200466875,1,2,11,12,15,23,37,8
516,2012-10-20,56385762000,1294190182,11,2,8,23,41,43,44,30
517,2012-10-27,54468223000,2659057725,5,1,9,12,28,36,41,10
518,2012-11-03,55321566000,2263804125,6,14,23,30,32,34,38,6
519,2012-11-10,55614206000,1950601393,7,6,8,13,16,30,43,3
520,2012-11-17,55003797000,2167205438,6,4,22,27,28,38,40,1
521,2012-11-24,56185373000,1693420922,8,3,7,18,29,32,36,19
522,2012-12-01,57053378000,2281623000,6,4,5,13,14,37,41,11
523,2012-12-08,53678449000,1780355840,7,1,4,37,38,40,45,7
524,2012-12-15,55662103000,3491695594,4,10,11,29,38,41,45,21
525,2012-12-22,55566007000,1501132375,9,11,23,26,29,39,44,22
526,2012-12-29,56527807000,1491031959,9,7,14,17,20,35,39,31
527,2013-01-05,56985634000,1032386366,13,1,12,22,32,33,42,38
528,2013-01-12,57548541000,1197889125,11,5,17,25,31,39,40,10
529,2013-01-19,57645779000,1749114797,8,18,20,24,27,31,42,39
530,2013-01-26,56241083000,1231656239,11,16,23,27,29,33,41,22
531,2013-02-02,57567064000,1521519750,9,1,5,9,21,27,35,45
532,2013-02-09,61687384000,2216896286,7,16,17,23,24,29,44,3
533,2013-02-16,59275357000,1785671579,8,9,14,15,17,31,33,23
534,2013-02-23,59227462000,14215763250,1,10,24,26,29,37,38,32
535,2013-03-02,60523884000,4935603000,3,11,12,14,15,18,39,34
536,2013-03-09,59763469000,1308523603,11,7,8,18,32,37,43,12
537,2013-03-16,59453323000,2104038911,7,12,23,26,30,36,43,11
538,2013-03-23,59233373000,4688021625,3,6,10,18,31,32,34,11
539,2013-03-30,59168870000,1621036667,9,3,19,22,31,42,43,26
540,2013-04-06,56739658000,1989365250,7,3,12,13,15,34,36,14
541,2013-04-13,57087047000,1269327171,11,8,13,26,28,32,34,43
542,2013-04-20,56949161000,2335152563,6,5,6,19,26,41,45,34
543,2013-04-27,56570245000,1112934844,12,13,18,26,31,34,44,12
544,2013-05-04,56056189000,1046388433,13,5,17,21,25,36,44,10
545,2013-05-11,55967171000,1198994353,11,4,24,25,27,34,35,2
546,2013-05-18,56713166000,405939950,30,8,17,20,27,37,43,6
547,2013-05-25,57968466000,2838444450,5,6,7,15,22,34,39,28
548,2013-06-01,57771827000,1736871891,8,1,12,13,21,32,45,14
549,2013-06-08,56864611000,1760805047,8,29,31,35,38,40,44,17
550,2013-06-15,56441770000,1118679205,11,1,7,14,20,34,37,41
551,2013-06-22,56989370000,13526973750,1,3,6,20,24,27,44,25
552,2013-06-29,57602386000,1330824225,10,1,10,20,32,35,40,43
553,2013-07-06,56487483000,2249631438,6,2,7,17,28,29,39,37
554,2013-07-13,56124466000,6813893625,2,13,14,17,32,41,42,6
555,2013-07-20,57273817000,1711027360,8,11,17,21,24,26,36,12
556,2013-07-27,57374791000,2005209161,7,12,20,23,28,30,44,43
557,2013-08-03,55086560000,1888069286,7,4,20,26,28,35,40,31
558,2013-08-10,54939001000,1315913663,10,12,15,19,26,40,43,29
559,2013-08-17,55733418000,1926145608,7,11,12,25,32,44,45,23
560,2013-08-24,56565298000,1976697215,7,1,4,20,23,29,45,28
561,2013-08-31,56638383000,2753712225,5,5,7,18,37,42,45,20
562,2013-09-07,56288212000,1166694614,11,4,11,13,17,20,31,33
563,2013-09-14,57320132000,1932735643,7,5,10,16,17,31,32,21
564,2013-09-21,58012468000,1934801143,7,14,19,25,26,27,34,2
565,2013-09-28,59556622000,1742064469,8,4,10,18,27,40,45,38
566,2013-10-05,57666611000,3508951032,4,4,5,6,25,26,43,41
567,2013-10-12,57439471000,2318659438,6,1,10,15,16,32,41,28
568,2013-10-19,57681628000,1305167550,10,1,3,17,20,31,44,40
569,2013-10-26,58441902000,3467925188,4,3,6,13,23,24,35,1
570,2013-11-02,57654279000,1527791625,9,1,12,26,27,29,33,42
571,2013-11-09,56493528000,1966538465,7,11,18,21,26,38,43,29
572,2013-11-16,56473602000,1668216188,8,3,13,18,33,37,45,1
573,2013-11-23,56092721000,1645691766,8,2,4,20,34,35,43,14
574,2013-11-30,55882933000,6965184938,2,14,15,16,19,25,43,2
575,2013-12-07,56330738000,1699267875,8,2,8,20,30,33,34,6
576,2013-12-14,54691148000,4321966000,3,10,11,15,25,35,41,13
577,2013-12-21,57010827000,4484438375,3,16,17,22,31,34,37,33
578,2013-12-28,58584741000,2796466575,5,5,12,14,32,34,42,16
579,2014-01-04,63532871000,1396068444,11,5,7,20,22,37,42,39
580,2014-01-11,60514216000,2028610500,7,5,7,9,11,32,35,33
581,2014-01-18,60257457000,1844554547,8,3,5,14,20,42,44,33
582,2014-01-25,59306953000,3560558719,4,2,12,14,33,40,41,25
583,2014-02-01,62675295000,1341848353,11,8,17,27,33,40,44,24
584,2014-02-08,61343856000,5033183250,3,7,18,30,39,40,41,36
585,2014-02-15,60253002000,1620546334,9,6,7,10,16,38,41,4
586,2014-02-22,59502096000,1778354344,8,2,7,12,15,21,34,5
587,2014-03-01,59715499000,4974577375,3,14,21,29,31,32,37,17
588,2014-03-08,59533101000,2889342075,5,2,8,15,22,25,41,30
589,2014-03-15,60643729000,2136877983,7,6,8,28,33,38,39,22
590,2014-03-22,60003131000,2185183983,7,20,30,36,38,41,45,23
591,2014-03-29,59373946000,2964676200,5,8,13,14,30,38,39,5
592,2014-04-05,58097477000,2356381688,6,2,5,6,13,28,44,43
593,2014-04-12,59368204000,1532833500,9,9,10,13,24,33,38,28
594,2014-04-19,57764442000,1255592796,11,2,8,13,25,28,37,3
595,2014-04-26,57797288000,1744525219,8,8,24,28,35,38,40,5
596,2014-05-03,56561071000,1328267663,10,3,4,12,14,25,43,17
597,2014-05-10,56832361000,1057920606,13,8,10,23,24,35,43,37
598,2014-05-17,57518550000,833998594,16,4,12,24,33,38,45,22
599,2014-05-24,57381791000,1710918329,8,5,12,17,29,34,35,27
600,2014-05-31,56372519000,901798725,15,5,11,14,27,29,36,44
601,2014-06-07,55868455000,1524565209,9,2,16,19,31,34,35,37
602,2014-06-14,56262855000,1689530860,8,13,14,22,27,30,38,2
603,2014-06-21,56276650000,3452136563,4,2,19,25,26,27,43,28
604,2014-06-28,56266399000,1229141557,11,2,6,18,21,33,34,30
605,2014-07-05,56622924000,1394232250,9,1,2,7,9,10,38,42
606,2014-07-12,56928896000,1311566850,10,1,5,6,14,20,39,22
607,2014-07-19,56806213000,3494480907,4,8,14,23,36,38,39,13
608,2014-07-26,56146117000,1943530018,7,4,8,18,19,39,44,41
609,2014-08-02,54858201000,6339311438,2,4,8,27,34,39,40,13
610,2014-08-09,56862756000,3516018375,4,14,18,20,23,28,36,33
611,2014-08-16,57411079000,3502706157,4,2,22,27,33,36,37,14
612,2014-08-23,56931314000,1181705250,11,6,9,18,19,25,33,40
613,2014-08-30,57986249000,1549831209,9,7,8,11,16,41,44,35
614,2014-09-06,62301977000,2540975438,6,8,21,25,39,40,44,18
615,2014-09-13,59072378000,1535062417,9,10,17,18,19,23,27,35
616,2014-09-20,60303360000,1611811250,9,5,13,18,23,40,45,3
617,2014-09-27,58958123000,1629701860,8,4,5,11,12,24,27,28
618,2014-10-04,58550803000,2881326225,5,8,16,25,30,42,43,15
619,2014-10-11,58822925000,4612479375,3,6,8,13,30,35,40,21
620,2014-10-18,58342777000,2028283233,7,2,16,17,32,39,45,40
621,2014-10-25,59407216000,2359723500,6,1,2,6,16,19,42,9
622,2014-11-01,59601329000,1630598292,9,9,15,16,21,28,34,24
623,2014-11-08,58504142000,1813702594,8,7,13,30,39,41,45,25
624,2014-11-15,57832726000,2763729450,5,1,7,19,26,27,35,16
625,2014-11-22,58614979000,2765184675,5,3,6,7,20,21,39,13
626,2014-11-29,58986187000,1717871110,8,13,14,26,33,40,43,15
627,2014-12-06,55981334000,1352230650,10,2,9,22,25,31,45,12
628,2014-12-13,57253109000,1499942875,9,1,7,12,15,23,42,11
629,2014-12-20,57618701000,2919433575,5,19,28,31,38,43,44,1
630,2014-12-27,61335894000,4836305500,3,8,17,21,24,27,31,15
631,2015-01-03,65300621000,3919853532,4,1,2,4,23,31,34,8
632,2015-01-10,63066603000,1432587716,11,15,18,21,32,35,44,6
633,2015-01-17,62015797000,1217257094,12,9,12,19,20,39,41,13
634,2015-01-24,63149567000,1077935106,13,4,10,11,12,20,27,38
635,2015-01-31,62429621000,1855587235,8,11,13,25,26,29,33,32
636,2015-02-07,62786394000,1832362219,8,6,7,15,16,20,31,26
637,2015-02-14,63504865000,3899241094,4,3,16,22,37,38,44,23
638,2015-02-21,64319586000,2229403179,7,7,18,22,24,31,34,6
639,2015-02-28,66202599000,4061185219,4,6,15,22,23,25,32,40
640,2015-03-07,64080502000,1728768834,9,14,15,18,21,26,35,23
641,2015-03-14,63773134000,1990074563,8,11,18,21,36,37,43,12
642,2015-03-21,63544224000,1251460438,12,8,17,18,24,39,45,32
643,2015-03-28,63110068000,2535763625,6,15,24,31,32,33,40,13
644,2015-04-04,61846599000,1831451204,8,5,13,17,23,28,36,8
645,2015-04-11,62661756000,3696297750,4,1,4,16,26,40,41,31
646,2015-04-18,62308090000,2215498393,7,2,9,24,41,43,45,30
647,2015-04-25,62314338000,2189725608,7,5,16,21,23,24,30,29
648,2015-05-02,60874405000,2120987947,7,13,19,28,37,38,43,4
649,2015-05-09,60473178000,2948042100,5,3,21,22,33,41,42,20
650,2015-05-16,60991082000,2849298900,5,3,4,7,11,31,41,35
651,2015-05-23,61494891000,1855306454,8,11,12,16,26,29,44,18
652,2015-05-30,60426977000,3003483525,5,3,13,15,40,41,44,20
653,2015-06-06,59716037000,980958670,14,5,6,26,27,38,39,1
654,2015-06-13,60697813000,1879301391,8,16,21,26,31,36,43,6
655,2015-06-20,60434801000,1661439625,9,7,37,38,39,40,44,18
656,2015-06-27,61328118000,7330002750,2,3,7,14,16,31,40,39
657,2015-07-04,61769837000,1694762792,9,10,14,19,39,40,43,23
658,2015-07-11,61131243000,1634031375,9,8,19,25,28,32,36,37
659,2015-07-18,61677747000,1336604216,11,7,18,19,27,29,42,45
660,2015-07-25,60813322000,1421272575,10,4,9,23,33,39,44,14
661,2015-08-01,59597375000,1713025547,8,2,3,12,20,27,38,40
662,2015-08-08,59164542000,1689733688,8,5,6,9,11,15,37,26
663,2015-08-15,61100704000,2080244143,7,3,5,8,19,38,42,20
664,2015-08-22,61921689000,1536801338,10,10,20,33,36,41,44,5
665,2015-08-29,61885874000,3643230375,4,5,6,11,17,38,44,13
666,2015-09-05,62652917000,2396901063,6,2,4,6,11,17,28,16
667,2015-09-12,63421632000,2228764393,7,15,17,25,37,42,43,13
668,2015-09-19,63346405000,2991158625,5,12,14,15,24,27,32,3
669,2015-09-26,67952211000,2708173188,6,7,8,20,29,33,38,9
670,2015-10-03,62242687000,1191725219,12,11,18,26,27,40,41,25
671,2015-10-10,63940807000,3722322844,4,7,9,10,13,31,35,24
672,2015-10-17,63542330000,1754745000,9,8,21,28,31,36,45,43
673,2015-10-24,63163578000,1491453300,10,7,10,17,29,33,44,5
674,2015-10-31,61386974000,1770565500,8,9,10,14,25,27,31,11
675,2015-11-07,60458623000,3514549032,4,1,8,11,15,18,45,7
676,2015-11-14,62147642000,1879726500,8,1,8,17,34,39,45,27
677,2015-11-21,62267624000,1921114407,8,12,15,24,36,41,44,42
678,2015-11-28,60887293000,2288490188,6,4,5,6,12,25,37,45
679,2015-12-05,62220918000,2863005600,5,3,5,7,14,26,34,35
680,2015-12-12,64245201000,1110570563,14,4,10,19,29,32,42,30
681,2015-12-19,63268253000,2696328938,6,21,24,27,29,43,44,7
682,2015-12-26,66757858000,4063713563,4,17,23,27,35,38,43,2
683,2016-01-02,71940091000,1010930883,16,6,13,20,27,28,40,15
684,2016-01-09,66623887000,1688815709,9,1,11,15,17,25,39,40
685,2016-01-16,69126675000,1494367671,11,6,7,12,28,38,40,18
686,2016-01-23,65274010000,1937531719,8,7,12,15,24,25,43,13
687,2016-01-30,68044669000,2720029313,6,1,8,10,13,28,42,45
688,2016-02-06,73095612000,1967536750,9,5,15,22,23,34,35,2
689,2016-02-13,67460147000,2321775911,7,7,17,19,30,36,38,34
690,2016-02-20,69142025000,1126507625,15,24,25,33,34,38,39,43
691,2016-02-27,68590328000,2839296750,6,15,27,33,35,43,45,16
692,2016-03-05,66390499000,2301273697,7,3,11,14,15,32,36,44
693,2016-03-12,67352935000,1642763813,10,1,6,11,28,34,42,30
694,2016-03-19,67533257000,1555036388,10,7,15,20,25,33,43,12
695,2016-03-26,67672085000,1450214830,11,4,18,26,33,34,38,14
696,2016-04-02,67542971000,1632054413,10,1,7,16,18,34,38,21
697,2016-04-09,66966141000,1531443038,10,2,5,8,11,33,39,31
698,2016-04-16,66283268000,1921084125,8,3,11,13,21,33,37,18
699,2016-04-23,66743146000,1995411375,8,4,5,8,16,21,29,3
700,2016-04-30,66846276000,2082099188,8,11,23,28,29,30,44,13
701,2016-05-07,64454138000,1583183175,10,3,10,14,16,36,38,35
702,2016-05-14,66219854000,1465091387,11,3,13,16,24,26,29,9
703,2016-05-21,65728988000,3235784100,5,10,28,31,33,41,44,21
704,2016-05-28,65930117000,3865190344,4,1,4,8,23,33,42,45
705,2016-06-04,65859843000,3987206532,4,1,6,17,22,28,45,23
706,2016-06-11,65723488000,3831746063,4,3,4,6,10,28,30,37
707,2016-06-18,66813924000,1322167313,12,2,12,19,24,39,44,35
708,2016-06-25,66806307000,4099552219,4,2,10,16,19,34,45,1
709,2016-07-02,65592504000,1165271625,14,10,18,30,36,39,44,32
710,2016-07-09,65083972000,2895441150,5,3,4,9,24,25,33,10
711,2016-07-16,66152746000,2277413358,7,11,15,24,35,37,45,42
712,2016-07-23,66136318000,4034485125,4,17,20,30,31,33,45,19
713,2016-07-30,64646552000,1714720917,9,2,5,15,18,19,23,44
714,2016-08-06,64099989000,2085131733,7,1,7,22,33,37,40,20
715,2016-08-13,65794607000,2605510438,6,2,7,27,33,41,44,10
716,2016-08-20,67040169000,1358752157,12,2,6,13,16,29,30,21
717,2016-08-27,68597839000,2702433688,6,2,11,19,25,28,32,44
718,2016-09-03,69400763000,926166464,17,4,11,20,23,32,39,40
719,2016-09-10,71378392000,1879581334,9,4,8,13,19,20,43,26
720,2016-09-17,69939090000,1233770358,14,1,12,29,34,36,37,41
721,2016-09-24,71627567000,2273767360,8,1,28,35,41,43,44,31
722,2016-10-01,69446489000,4365422719,4,12,14,21,30,39,43,45
723,2016-10-08,67750231000,2114365360,8,20,30,33,35,36,44,22
724,2016-10-15,69987274000,1427789813,12,2,8,33,35,37,41,14
725,2016-10-22,70208676000,1579217250,11,6,7,19,21,41,43,38
726,2016-10-29,68799295000,1166872634,14,1,11,21,23,34,44,24
727,2016-11-05,67559139000,1115107742,14,7,8,10,19,21,31,20
728,2016-11-12,68306112000,3243464400,5,3,6,10,30,34,37,36
729,2016-11-19,68784161000,4198250719,4,11,17,21,26,36,45,16
730,2016-11-26,66934105000,2017382110,8,4,10,14,15,18,22,39
731,2016-12-03,69239673000,2340471054,7,2,7,13,25,42,45,39
732,2016-12-10,68645948000,2203270608,7,2,4,5,17,27,32,43
733,2016-12-17,69321488000,4016725125,4,11,24,32,33,35,40,13
734,2016-12-24,71457582000,1949395500,9,6,16,37,38,41,45,18
735,2016-12-31,77488209000,1847231588,10,5,10,13,27,37,41,4
736,2017-01-07,73510203000,3397362225,5,2,11,17,18,21,27,6
737,2017-01-14,70775944000,4283061000,4,13,15,18,24,27,41,11
738,2017-01-21,71768122000,1634191091,11,23,27,28,38,42,43,36
739,2017-01-28,77999661000,4744122282,4,7,22,29,33,34,35,30
740,2017-02-04,75186520000,936929792,18,4,8,9,16,17,19,31
741,2017-02-11,74392585000,3043595938,6,5,21,27,34,44,45,16
742,2017-02-18,73857792000,1111814813,16,8,10,13,36,37,40,6
743,2017-02-25,73436852000,2608641000,7,15,19,21,34,41,44,10
744,2017-03-04,73507293000,1155411575,15,10,15,18,21,34,41,43
745,2017-03-11,73575119000,746822982,20,1,2,3,9,12,23,10
746,2017-03-18,74239579000,2038623709,9,3,12,33,36,42,45,25
747,2017-03-25,73337880000,1903214584,9,7,9,12,14,23,28,17
748,2017-04-01,72750277000,1928246542,9,3,10,13,22,31,32,29
749,2017-04-08,72252889000,1350104395,13,12,14,24,26,34,45,41
750,2017-04-15,72248100000,2522104286,7,1,2,15,19,24,36,12
751,2017-04-22,71534233000,2097968110,8,3,4,16,20,28,44,17
752,2017-04-29,71600822000,1870358834,9,4,16,20,33,40,43,7
753,2017-05-06,68915001000,2711105063,6,2,17,19,24,37,41,3
754,2017-05-13,70765850000,3427542000,5,2,8,17,24,29,31,32
755,2017-05-20,71300635000,2214427266,8,13,14,26,28,30,36,37
756,2017-05-27,70992946000,3414434700,5,10,14,16,18,27,28,4
757,2017-06-03,71053002000,739839858,21,6,7,11,17,33,44,1
758,2017-06-10,71764259000,2078969954,8,5,9,12,30,39,43,24
759,2017-06-17,72632208000,3032670500,6,9,33,36,40,42,43,32
760,2017-06-24,72200797000,2253299391,8,10,22,27,31,42,43,12
761,2017-07-01,71415903000,2392730518,7,4,7,11,24,42,45,30
762,2017-07-08,70558895000,1631432063,10,1,3,12,21,26,41,16
763,2017-07-15,70652100000,2138130000,8,3,8,16,32,34,43,10
764,2017-07-22,70318932000,2459975465,7,7,22,24,31,34,36,15
765,2017-07-29,70972360000,1109214250,15,1,3,8,12,42,43,33
766,2017-08-05,69500769000,2173637297,8,9,30,34,35,39,41,21
767,2017-08-12,71285599000,1163768725,15,5,15,20,31,34,42,22
768,2017-08-19,72306975000,1363572260,13,7,27,29,30,38,44,4
769,2017-08-26,72873431000,1930760042,9,5,7,11,16,41,45,4
770,2017-09-02,74166379000,2163099329,8,1,9,12,23,39,43,34
771,2017-09-09,73545939000,4362644907,4,6,10,17,18,21,29,30
772,2017-09-16,74375369000,1769608838,10,5,6,11,14,21,41,32
773,2017-09-23,74560597000,1609403080,11,8,12,19,21,31,35,44
774,2017-09-30,77347021000,1709721512,11,12,15,18,28,34,42,9
775,2017-10-07,70795452000,3470437650,5,11,12,29,33,38,42,17
776,2017-10-14,74826082000,2557579393,7,8,9,18,21,28,40,20
777,2017-10-21,75534360000,833468036,21,6,12,17,21,34,37,18
778,2017-10-28,75075606000,6264069500,3,6,21,35,36,37,41,11
779,2017-11-04,73773676000,1527709296,11,6,12,19,24,34,41,4
780,2017-11-11,74232084000,1667520137,11,15,17,19,21,27,45,16
781,2017-11-18,72483157000,1882891542,9,11,16,18,19,24,39,43
782,2017-11-25,72253973000,1946487625,9,6,18,31,34,38,45,20
783,2017-12-02,73525256000,4603964625,4,14,15,16,17,38,45,36
784,2017-12-09,74311382000,1908678000,9,3,10,23,24,31,39,22
785,2017-12-16,72974563000,2886622688,6,4,6,15,25,26,33,40
786,2017-12-23,75930156000,4551365250,4,12,15,16,20,24,30,38
787,2017-12-30,79593923000,3092108313,6,5,6,13,16,27,28,9
788,2018-01-06,78121882000,1401475154,13,2,10,11,19,35,39,29
789,2018-01-13,76136603000,1140976825,15,2,6,7,12,19,45,38
790,2018-01-20,78978881000,1160516274,16,3,8,19,27,30,41,12
791,2018-01-27,74205844000,1253081893,14,2,10,12,31,33,42,32
792,2018-02-03,76339003000,2655736768,7,2,7,19,25,29,36,16
793,2018-02-10,76177477000,3750146775,5,10,15,21,35,38,43,31
794,2018-02-17,79941579000,2650940304,7,6,7,18,19,30,38,13
795,2018-02-24,79661342000,1714977000,11,3,10,13,26,34,38,36
796,2018-03-03,77685943000,2763490340,7,1,21,26,36,40,41,5
797,2018-03-10,77339940000,2397028125,8,5,22,31,32,39,45,36
798,2018-03-17,77038759000,2710791911,7,2,10,14,22,32,36,41
799,2018-03-24,76708986000,1826427225,10,12,17,23,34,42,45,33
800,2018-03-31,76994062000,1632246205,11,1,4,10,12,28,45,26
801,2018-04-07,74034792000,2256786657,8,17,25,28,37,43,44,2
802,2018-04-14,75146781000,1082947993,16,10,11,12,18,24,42,27
803,2018-04-21,75670793000,3663810225,5,5,9,14,26,30,43,2
804,2018-04-28,74557028000,1631996523,11,1,10,13,26,32,36,9
805,2018-05-05,73065981000,4266061969,4,3,12,13,18,31,32,42
806,2018-05-12,74030583000,2640760875,7,14,20,23,31,37,38,27
807,2018-05-19,73831580000,2437662322,7,6,10,18,25,34,35,33
808,2018-05-26,74911438000,3087620500,6,15,21,31,32,41,43,24
809,2018-06-02,74214104000,2921372750,6,6,11,15,17,23,40,39
810,2018-06-09,74388355000,2231598047,8,5,10,13,21,39,43,11
811,2018-06-16,74570813000,2524148197,7,8,11,19,21,36,45,25
812,2018-06-23,74147816000,2947954750,6,1,3,12,14,16,43,10
813,2018-06-30,73394947000,4591763157,4,11,30,34,35,42,44,27
814,2018-07-07,74316543000,3067192063,6,2,21,28,38,42,45,30
815,2018-07-14,73416400000,2579855358,7,17,21,25,26,27,36,4
816,2018-07-21,72397826000,2128107938,8,12,18,19,29,31,39,7
817,2018-07-28,72552766000,1868477334,9,3,9,12,13,25,43,34
818,2018-08-04,71793353000,1380804318,13,14,15,25,28,29,30,3
819,2018-08-11,74578907000,2594534840,7,16,25,33,38,40,45,15
820,2018-08-18,75744571000,4627313532,4,10,21,22,30,35,42,6
821,2018-08-25,76118239000,1316155956,14,1,12,13,24,29,44,16
822,2018-09-01,75681739000,5930898625,3,9,18,20,24,27,36,12
823,2018-09-08,77400124000,2009843917,9,12,18,24,26,39,40,15
824,2018-09-15,78257422000,1256646550,15,7,9,24,29,34,38,26
825,2018-09-22,82890578000,1658710563,12,8,15,21,31,33,38,42
826,2018-09-29,78218740000,2075192084,9,13,16,24,25,33,36,42
827,2018-10-06,76490125000,1206500375,15,5,11,12,29,33,44,14
828,2018-10-13,77552827000,1455185972,13,4,7,13,29,31,39,18
829,2018-10-20,77998807000,2444650641,8,4,5,31,35,43,45,29
830,2018-10-27,77714000000,2060528750,9,5,6,16,18,37,38,17
831,2018-11-03,77622753000,1110702258,16,3,10,16,19,31,39,9
832,2018-11-10,77411900000,2088204584,9,13,14,19,26,40,43,30
833,2018-11-17,77738402000,2356317282,8,12,18,30,39,41,42,19
834,2018-11-24,75941791000,1690693671,11,6,8,18,35,42,43,3
835,2018-12-01,77694435000,1233681125,15,9,10,13,28,38,45,35
836,2018-12-08,74536697000,1257843670,14,1,9,11,14,26,28,19
837,2018-12-15,76614176000,3144449125,6,2,25,28,30,33,45,6
838,2018-12-22,79414484000,3813733050,5,9,14,17,33,36,38,20
839,2018-12-29,79219710000,1359454904,13,3,9,11,12,13,19,35
840,2019-01-05,84057771000,2042961788,10,2,4,11,28,29,43,27
841,2019-01-12,81580789000,1116095714,17,5,11,14,30,33,38,24
842,2019-01-19,81957444000,2035475025,10,14,26,32,36,39,42,38
843,2019-01-26,81857498000,4012970100,5,19,21,30,33,34,42,4
844,2019-02-02,87805610000,1162963542,18,7,8,13,15,33,45,18
845,2019-02-09,83884034000,1891217182,11,1,16,29,33,40,45,6
846,2019-02-16,83936839000,1596884395,13,5,18,30,41,43,45,13
847,2019-02-23,83782512000,2520846657,8,12,16,26,28,30,42,22
848,2019-03-02,84523266000,3011580858,7,1,2,16,22,38,39,34
849,2019-03-09,82333674000,1158252883,17,5,13,17,29,34,39,3
850,2019-03-16,81474176000,3377587875,6,16,20,24,28,36,39,5
851,2019-03-23,81099116000,2483692313,8,14,18,22,26,31,44,40
852,2019-03-30,81470793000,4801543407,4,11,17,28,30,33,35,9
853,2019-04-06,82244370000,2885006786,7,2,8,23,26,27,44,13
854,2019-04-13,81823338000,3421706750,6,20,25,31,32,36,43,3
855,2019-04-20,82374732000,2269510500,9,8,15,17,19,43,44,7
856,2019-04-27,80496424000,3977927550,5,10,24,40,41,43,44,17
857,2019-05-04,80933117000,1284915425,15,6,10,16,28,34,38,43
858,2019-05-11,81366889000,2202347459,9,9,13,32,38,39,43,23
859,2019-05-18,80944223000,1853927489,11,8,22,35,38,39,41,24
860,2019-05-25,81846672000,1879899825,10,4,8,18,25,27,32,42
861,2019-06-01,81032551000,4872108844,4,11,17,19,21,22,25,24
862,2019-06-08,80609005000,2190922709,9,10,34,38,40,42,43,32
863,2019-06-15,81288540000,2853357322,7,16,21,28,35,39,43,12
864,2019-06-22,82220290000,1716553637,11,3,7,10,13,25,36,32
865,2019-06-29,81748217000,1551729145,13,3,15,22,32,33,45,2
866,2019-07-06,81961886000,2240409000,9,9,15,29,34,37,39,12
867,2019-07-13,81607190000,3933755250,5,14,17,19,22,24,40,41
868,2019-07-20,80549078000,3233804250,6,12,17,28,41,43,44,25
869,2019-07-27,80268389000,1922582588,10,2,6,20,27,37,39,4
870,2019-08-03,78688663000,1928842988,10,21,25,30,32,40,42,31
871,2019-08-10,79527502000,2718071358,7,2,6,12,26,30,34,38
872,2019-08-17,81002518000,1262705579,16,2,4,30,32,33,43,29
873,2019-08-24,82375586000,1874553225,10,3,5,12,13,33,39,38
874,2019-08-31,82990138000,1117123917,18,1,15,19,23,28,42,32
875,2019-09-07,80635281000,1415946724,14,19,22,30,34,39,44,36
876,2019-09-14,85088368000,1090657856,19,5,16,21,26,34,42,24
877,2019-09-21,84584730000,1716607188,12,5,17,18,22,23,43,12
878,2019-09-28,84183676000,3207993500,6,2,6,11,16,25,31,3
879,2019-10-05,83174251000,3206361313,6,1,4,10,14,15,35,20
880,2019-10-12,83862502000,2837810465,7,7,17,19,23,24,45,38
881,2019-10-19,84495552000,2503212282,8,4,18,20,26,27,32,9
882,2019-10-26,84351602000,4127270400,5,18,34,39,43,44,45,23
883,2019-11-02,85624171000,1360519525,15,9,18,32,33,37,44,22
884,2019-11-09,86554613000,1799077282,12,4,14,23,28,37,45,17
885,2019-11-16,83396319000,1543832568,13,1,3,24,27,39,45,31
886,2019-11-23,84186094000,2974643786,7,19,23,28,37,42,45,2
887,2019-11-30,84416872000,2535268688,8,8,14,17,27,36,45,10
888,2019-12-07,82777313000,2370359204,8,3,7,12,31,34,38,32
889,2019-12-14,86734222000,2108986950,10,3,13,29,38,39,42,26
890,2019-12-21,86693498000,2335486167,9,1,4,14,18,29,37,6
891,2019-12-28,89742677000,3082673947,7,9,13,28,31,39,41,19
892,2020-01-04,93091115000,1282017464,17,4,9,17,18,26,42,36
893,2020-01-11,87661567000,2377433625,9,1,15,17,23,25,41,10
894,2020-01-18,88465183000,2377935959,9,19,32,37,40,41,43,45
895,2020-01-25,96962255000,1928079219,12,16,26,31,38,39,41,23
896,2020-02-01,90461998000,3053222036,7,5,12,25,26,38,45,23
897,2020-02-08,88231474000,1619922520,13,6,7,12,22,26,36,29
898,2020-02-15,90067839000,2639313235,8,18,21,28,35,37,42,17
899,2020-02-22,85877347000,3359356063,6,8,19,20,21,33,39,37
900,2020-02-29,83639372000,3349851375,6,7,13,16,18,35,38,14
901,2020-03-07,84783962000,2267974667,9,5,18,20,23,30,34,21
902,2020-03-14,87501981000,1619317529,13,7,19,23,24,36,39,30
903,2020-03-21,88625160000,1684582212,13,2,15,16,21,22,28,45
904,2020-03-28,88938220000,2718077813,8,2,6,8,26,43,45,11
905,2020-04-04,90357634000,3017862536,7,3,4,16,27,38,40,20
906,2020-04-11,90948274000,2472607250,9,2,5,14,28,31,32,20
907,2020-04-18,89331282000,3165059036,7,21,27,29,38,40,44,37
908,2020-04-25,89923601000,2834856141,8,3,16,21,22,23,44,30
909,2020-05-02,89543261000,2021062875,11,7,24,29,30,34,35,33
910,2020-05-09,86308857000,941316375,21,1,11,17,27,35,39,31
911,2020-05-16,89332410000,2113538625,10,4,5,12,14,32,42,35
912,2020-05-23,88599155000,1493500581,14,5,8,18,21,22,38,10
913,2020-05-30,89336949000,1338755602,16,6,14,16,21,27,37,40
914,2020-06-06,89558503000,1950005557,11,16,19,24,33,42,44,27
915,2020-06-13,87862418000,3518640500,6,2,6,11,13,22,37,14
916,2020-06-20,89133044000,2025384341,11,6,21,22,32,35,36,17
917,2020-06-27,88950867000,2144799638,10,1,3,23,24,27,43,34
918,2020-07-04,89200857000,1117622646,18,7,11,12,31,33,38,5
919,2020-07-11,90218056000,4305150450,5,9,14,17,18,42,44,35
920,2020-07-18,89805177000,3120260197,7,2,3,26,33,34,43,29
921,2020-07-25,89888341000,1232573405,17,5,7,12,22,28,41,1
922,2020-08-01,89266682000,3417904500,6,2,6,13,17,27,43,36
923,2020-08-08,87867402000,2667554625,8,3,17,18,23,36,41,26
924,2020-08-15,87708256000,2382430667,9,3,11,34,42,43,44,13
925,2020-08-22,87901067000,1771080532,12,13,24,32,34,39,42,4
926,2020-08-29,88372251000,2032490663,10,10,16,18,20,25,31,6
927,2020-09-05,91067752000,3714203875,6,4,15,22,38,41,43,26
928,2020-09-12,90818982000,3134591358,7,3,4,10,20,28,44,30
929,2020-09-19,92344620000,1308035157,16,7,9,12,15,19,23,4
930,2020-09-26,94518415000,2832418829,8,8,21,25,38,39,44,28
931,2020-10-03,95695802000,2957108063,8,14,15,23,25,35,43,32
932,2020-10-10,96049289000,3390022983,7,1,6,15,36,37,38,5
933,2020-10-17,93484851000,2927797079,8,23,27,29,31,36,45,37
934,2020-10-24,93028347000,5765772844,4,1,3,30,33,36,39,12
935,2020-10-31,93934898000,1711055424,13,4,10,20,32,38,44,18
936,2020-11-07,92246146000,1492069179,14,7,11,13,17,18,29,43
937,2020-11-14,93720454000,2058420819,11,2,10,13,22,29,40,26
938,2020-11-21,93452425000,2249466563,10,4,8,10,16,31,36,9
939,2020-11-28,93340002000,1708363039,13,4,11,28,39,42,45,6
940,2020-12-05,93920183000,2846071079,8,3,15,20,22,24,41,11
941,2020-12-12,94867600000,1347297422,16,12,14,25,27,39,40,35
942,2020-12-19,92731965000,3761680313,6,10,12,18,35,42,43,39
943,2020-12-26,100081432000,3435045108,7,1,8,13,36,44,45,39
944,2021-01-02,107181377000,1961836356,13,2,13,16,19,32,33,42
945,2021-01-09,94837109000,1765554491,13,9,10,15,30,33,37,26
946,2021-01-16,99380178000,2157656182,11,9,18,19,30,34,40,20
947,2021-01-23,99449916000,1275855750,18,3,8,17,20,27,35,26
948,2021-01-30,100519459000,2188548716,11,13,18,30,31,38,41,5
949,2021-02-06,100518909000,2458569713,10,14,21,35,36,40,44,30
950,2021-02-13,108870714000,3281920500,8,3,4,15,22,28,40,10
951,2021-02-20,102937006000,1747552661,14,2,12,30,31,39,43,38
952,2021-02-27,102355646000,2713699834,9,4,12,22,24,33,41,38
953,2021-03-06,99180891000,1640636009,14,7,9,22,27,37,42,34
954,2021-03-13,101455314000,2478795900,10,1,9,26,28,30,41,32
955,2021-03-20,99784736000,2023170188,12,4,9,23,26,29,33,8
956,2021-03-27,97065255000,2022982671,11,10,11,20,21,25,41,40
957,2021-04-03,96654698000,2126634137,11,4,15,24,35,36,40,1
958,2021-04-10,98635947000,1596119675,15,2,9,10,16,35,37,1
959,2021-04-17,97435835000,3015312891,8,1,14,15,24,40,41,35
960,2021-04-24,98784879000,2401133213,10,2,18,24,30,32,45,14
961,2021-05-01,97153309000,2575231209,9,11,20,29,31,33,42,43
962,2021-05-08,95956365000,1940906094,12,1,18,28,31,34,43,40
963,2021-05-15,95452215000,1476478125,15,6,12,19,23,34,42,35
964,2021-05-22,95549895000,2345861063,10,6,21,36,38,39,43,30
965,2021-05-29,96174650000,3403348929,7,2,13,25,28,29,36,34
966,2021-06-05,95640447000,2411303513,10,1,21,25,29,34,37,36
967,2021-06-12,94515565000,5809776094,4,1,6,13,37,38,40,9
968,2021-06-19,95924229000,1667729683,13,2,5,12,14,24,39,33
969,2021-06-26,96728751000,1149427894,20,3,9,10,29,40,45,7
970,2021-07-03,93268371000,1611544045,14,9,11,16,21,28,36,5
971,2021-07-10,94471924000,3725880250,6,2,6,17,18,21,26,7
972,2021-07-17,93916813000,1124886244,20,3,6,17,23,37,39,26
973,2021-07-24,93953872000,2912742750,8,22,26,31,37,41,42,24
974,2021-07-31,94146055000,1317034523,17,1,2,11,16,39,44,32
975,2021-08-07,94253719000,2440410375,9,7,8,9,17,22,24,5
976,2021-08-14,97492178000,3243867215,7,4,12,14,25,35,37,2
977,2021-08-21,95895844000,1669905911,14,2,9,10,14,22,44,16
978,2021-08-28,98855197000,2373391388,10,1,7,15,32,34,42,8
979,2021-09-04,99507886000,1606400518,14,7,11,16,21,27,33,24
980,2021-09-11,99593380000,3409443215,7,3,13,16,23,24,35,14
981,2021-09-18,105645424000,1992863193,13,27,36,37,41,43,45,32
982,2021-09-25,101344251000,3023630672,8,5,7,13,20,21,44,33
983,2021-10-02,101899006000,2503422225,10,13,23,26,31,35,43,15
984,2021-10-09,98762367000,3453006268,7,3,10,23,35,36,37,18
985,2021-10-16,98811446000,2434752975,10,17,21,23,30,34,44,19
986,2021-10-23,99041240000,2375275125,10,7,10,16,28,41,42,40
987,2021-10-30,100269530000,2378711625,10,2,4,15,23,29,38,7
988,2021-11-06,98606195000,2678489375,9,2,13,20,30,31,41,27
989,2021-11-13,96525658000,5826768563,4,17,18,21,27,29,33,26
990,2021-11-20,99567047000,1740095277,14,2,4,25,26,36,37,28
991,2021-11-27,98026282000,2904166032,8,13,18,25,31,33,44,38
992,2021-12-04,97066498000,1986955563,12,12,20,26,33,44,45,24
993,2021-12-11,99323653000,3991197063,6,6,14,16,18,24,42,44
994,2021-12-18,95530936000,1861582063,12,1,3,8,24,27,35,28
995,2021-12-25,100878455000,3447271875,7,1,4,13,29,38,39,7
996,2022-01-01,112624327000,1491185771,18,6,11,15,24,32,39,28
997,2022-01-08,102431961000,1253749560,19,4,7,14,16,24,44,20
998,2022-01-15,101681869000,2076499657,12,13,17,18,20,42,45,41
999,2022-01-22,102581351000,1513274790,16,1,3,9,14,18,28,34
1000,2022-01-29,118628811000,1246819620,22,2,8,19,22,32,42,39
1001,2022-02-05,103967487000,2077279594,12,6,10,12,14,20,42,15
1002,2022-02-12,105795484000,3088449563,8,17,25,33,35,38,45,15
1003,2022-02-19,103479378000,1811116822,14,1,4,29,39,43,45,31
1004,2022-02-26,106112471000,2576251913,10,7,15,30,37,39,44,18
1005,2022-03-05,103755249000,2061199344,12,8,13,18,24,27,29,17
1006,2022-03-12,104542431000,2855602125,9,8,11,15,16,17,37,36
1007,2022-03-19,101530003000,2718786375,9,8,11,16,19,21,25,40
1008,2022-03-26,103727042000,2267377910,11,9,11,30,31,41,44,33
